,crag,sector,name,grade_fra,Country
0,arapiles,arapiles,wall of the afternoon sun,6,Australia
1,arapiles,organ pipes,aardvark,6,Australia
2,arapiles,organ pipes,stentor,5a,Australia
3,arapiles,organ pipes,tannin,6a/+,Australia
4,arapiles,organ pipes,wraith,6b+,Australia
5,arapiles,tiger wall,no future,6b/+,Australia
6,arapiles,tiger wall,resignation,5a,Australia
7,bell sunnyside,bell,on main wall,7b+,Australia
8,berowra,orange wall,wall thing,6,Australia
9,blue bell,main wall,gatekeeper,7a,Australia
10,blue mountains,atlantis,herminator,7a+/7b,Australia
11,blue mountains,atlantis,subwoofer,6a+,Australia
12,blue mountains,atlantis,twenty something,7a,Australia
13,blue mountains,bardens lookout,arrow and the song,5,Australia
14,blue mountains,bardens lookout,bloodline,8b+,Australia
15,blue mountains,bardens lookout,booby trap,8a+/8b,Australia
16,blue mountains,bardens lookout,brain haemorrhage,8b/+,Australia
17,blue mountains,bardens lookout,cave route,7a+,Australia
18,blue mountains,bardens lookout,change junkies,6a,Australia
19,blue mountains,bardens lookout,changes,6a+/6b,Australia
20,blue mountains,bardens lookout,chicken skin,7a+,Australia
21,blue mountains,bardens lookout,dr do little,6b/+,Australia
22,blue mountains,bardens lookout,electric blue,6a,Australia
23,blue mountains,bardens lookout,george king of the jungle,7b,Australia
24,blue mountains,bardens lookout,go lotto,6a+/6b,Australia
25,blue mountains,bardens lookout,goosebumps,7a+,Australia
26,blue mountains,bardens lookout,hang on to yourself,6c/+,Australia
27,blue mountains,bardens lookout,happy new year,6,Australia
28,blue mountains,bardens lookout,hermione,5b,Australia
29,blue mountains,bardens lookout,holy leaping shortarses batman,7a+,Australia
30,blue mountains,bardens lookout,hunky dory,6c/+,Australia
31,blue mountains,bardens lookout,it takes a lot to laugh it takes a train to cry,8a/+,Australia
32,blue mountains,bardens lookout,its no game,7a,Australia
33,blue mountains,bardens lookout,jean genie,7a+,Australia
34,blue mountains,bardens lookout,jolly good fellow,5c+,Australia
35,blue mountains,bardens lookout,karinya,5a+,Australia
36,blue mountains,bardens lookout,kates kangaroo dance,7a/+,Australia
37,blue mountains,bardens lookout,lady grinning soul,6c,Australia
38,blue mountains,bardens lookout,lady stardust,6c/+,Australia
39,blue mountains,bardens lookout,little triggers,6a/+,Australia
40,blue mountains,bardens lookout,major tom,7a/+,Australia
41,blue mountains,bardens lookout,mals mega route,6c/+,Australia
42,blue mountains,bardens lookout,mike and lorna go to town,6a,Australia
43,blue mountains,bardens lookout,pleasures of all flesh,8a+,Australia
44,blue mountains,bardens lookout,puppy fat,7a/+,Australia
45,blue mountains,bardens lookout,scheme of things,7a,Australia
46,blue mountains,bardens lookout,sound and vision,6b/+,Australia
47,blue mountains,bardens lookout,starman,6b/+,Australia
48,blue mountains,bardens lookout,these terrors be but arguments for the children,7b+/7c,Australia
49,blue mountains,bardens lookout,turkey slap,7b+,Australia
50,blue mountains,bardens lookout,way of all flesh m,7c/+,Australia
51,blue mountains,bardens lookout,who killed bambi,6c/+,Australia
52,blue mountains,bell,an angel walks by,7a,Australia
53,blue mountains,bell,autophagocytosis,7c,Australia
54,blue mountains,bell,belayers root,6a/+,Australia
55,blue mountains,bell,blow torch,6c+/7a,Australia
56,blue mountains,bell,cavity search,7b+,Australia
57,blue mountains,bell,crumple zone,7b+/7c,Australia
58,blue mountains,bell,daffy,6c+,Australia
59,blue mountains,bell,darkwing duck,7b,Australia
60,blue mountains,bell,does my bum look big on this,7b+,Australia
61,blue mountains,bell,duck tits,6b/+,Australia
62,blue mountains,bell,duck walk,7b+,Australia
63,blue mountains,bell,duckling,6a+/6b,Australia
64,blue mountains,bell,event horizon,7c,Australia
65,blue mountains,bell,fast forward the future,8b/+,Australia
66,blue mountains,bell,femme flic,6b/+,Australia
67,blue mountains,bell,fly fury,6a/+,Australia
68,blue mountains,bell,gosling,6,Australia
69,blue mountains,bell,gushing gargoyles,7c+,Australia
70,blue mountains,bell,jingle bells,6b/+,Australia
71,blue mountains,bell,megan,6a/+,Australia
72,blue mountains,bell,mr redeemer,7c,Australia
73,blue mountains,bell,paddle steamer,7b,Australia
74,blue mountains,bell,paint god,7b,Australia
75,blue mountains,bell,pluck a duck,7a+/7b,Australia
76,blue mountains,bell,realite nexiste pas,7c/+,Australia
77,blue mountains,bell,reality dysfunction,7b,Australia
78,blue mountains,bell,seamstress,6c/+,Australia
79,blue mountains,bell,searching for the light,7a,Australia
80,blue mountains,bell,snappy dresser,7a+,Australia
81,blue mountains,bell,space between atoms,8a+/8b,Australia
82,blue mountains,bell,spent force,7c,Australia
83,blue mountains,bell,ten no trumps,7a+,Australia
84,blue mountains,bell,three hour commute,6c+/7a,Australia
85,blue mountains,bell,thunderbolts and lightning,7a+,Australia
86,blue mountains,bell,troc de ille,7a+,Australia
87,blue mountains,bell,wet paint,7a+,Australia
88,blue mountains,bell,when the spirits are calling,6b+,Australia
89,blue mountains,boronia point,ancient mariner,6a/+,Australia
90,blue mountains,boronia point,aneurysm,7c,Australia
91,blue mountains,boronia point,big wednesday,8b/+,Australia
92,blue mountains,boronia point,camal toes r us,8a/+,Australia
93,blue mountains,boronia point,camel toe,8a/+,Australia
94,blue mountains,boronia point,cowboy clip,6b/+,Australia
95,blue mountains,boronia point,creature without a brain,5b,Australia
96,blue mountains,boronia point,diana ross,6b+,Australia
97,blue mountains,boronia point,dont belive the hype,8a+,Australia
98,blue mountains,boronia point,euchre,7a,Australia
99,blue mountains,boronia point,grape hour,7b,Australia
100,blue mountains,boronia point,green eggs and ham,7c+,Australia
101,blue mountains,boronia point,grey power,7b/+,Australia
102,blue mountains,boronia point,lyptus,7a,Australia
103,blue mountains,boronia point,mechanical animals,8c/+,Australia
104,blue mountains,boronia point,mr curly,5b+,Australia
105,blue mountains,boronia point,mudeye,8a+,Australia
106,blue mountains,boronia point,onions extension dance mix,7c/+,Australia
107,blue mountains,boronia point,silent rage,7b/+,Australia
108,blue mountains,boronia point,slipping on sumfin,7c,Australia
109,blue mountains,boronia point,sprouts mexicane,6c+/7a,Australia
110,blue mountains,boronia point,sydney rose,7a+,Australia
111,blue mountains,boronia point,tripe,8a+/8b,Australia
112,blue mountains,boronia point,veterans affair,7c/+,Australia
113,blue mountains,bowens creek,almost almost,7b+,Australia
114,blue mountains,bowens creek,austri alien,7a+,Australia
115,blue mountains,bowens creek,beef cake,7b,Australia
116,blue mountains,bowens creek,blonde gift,7b,Australia
117,blue mountains,bowens creek,boy from oz,7b+,Australia
118,blue mountains,bowens creek,bustin dustin,6c/+,Australia
119,blue mountains,bowens creek,chimp chowder,7b+,Australia
120,blue mountains,bowens creek,cripple pitch,7b+/7c,Australia
121,blue mountains,bowens creek,cupcake,7c/+,Australia
122,blue mountains,bowens creek,fat free,7b,Australia
123,blue mountains,bowens creek,fox force five,7a+,Australia
124,blue mountains,bowens creek,fuel my fire,7c,Australia
125,blue mountains,bowens creek,half yearly clearanc,6a+/6b,Australia
126,blue mountains,bowens creek,hoofmeister blue,8a+,Australia
127,blue mountains,bowens creek,interstella fella,7b+,Australia
128,blue mountains,bowens creek,itinerate immigrants,7a+/7b,Australia
129,blue mountains,bowens creek,kraut pleaser,6b,Australia
130,blue mountains,bowens creek,lard arse,6,Australia
131,blue mountains,bowens creek,line of credit,6b/+,Australia
132,blue mountains,bowens creek,lloyd of the rings,7c,Australia
133,blue mountains,bowens creek,mr pink,6b+,Australia
134,blue mountains,bowens creek,mutton poacher,6b+,Australia
135,blue mountains,bowens creek,nasty when cornered,6a+,Australia
136,blue mountains,bowens creek,navel aviator,7c,Australia
137,blue mountains,bowens creek,outer space,6b+,Australia
138,blue mountains,bowens creek,pretty fly,7b/+,Australia
139,blue mountains,bowens creek,shut the gate,6c/+,Australia
140,blue mountains,bowens creek,tea ladies from nato,7a,Australia
141,blue mountains,bowens creek,visibly aroused,7b,Australia
142,blue mountains,centenial glen,acceptably cosmic,7a,Australia
143,blue mountains,centenial glen,acceptably hairy,7a,Australia
144,blue mountains,centenial glen,alpha leather,8c,Australia
145,blue mountains,centenial glen,apraxia,7b/+,Australia
146,blue mountains,centenial glen,back hand tosser,7a,Australia
147,blue mountains,centenial glen,bare essentials,7b+/7c,Australia
148,blue mountains,centenial glen,bearly august,8a/+,Australia
149,blue mountains,centenial glen,bernie loves sausages,7c,Australia
150,blue mountains,centenial glen,bernie loves tofu,7c+,Australia
151,blue mountains,centenial glen,better than a wank,7b,Australia
152,blue mountains,centenial glen,better than chocolate,7a,Australia
153,blue mountains,centenial glen,better than life,8b+/8c,Australia
154,blue mountains,centenial glen,better than nothing,7c,Australia
155,blue mountains,centenial glen,billy bunter,6a,Australia
156,blue mountains,centenial glen,birthday salmon,8a+,Australia
157,blue mountains,centenial glen,brutal movements,7c/+,Australia
158,blue mountains,centenial glen,chase the lady,7a,Australia
159,blue mountains,centenial glen,chasing ernest,6c/+,Australia
160,blue mountains,centenial glen,cold water classic,7b/+,Australia
161,blue mountains,centenial glen,corner of main wall,7a,Australia
162,blue mountains,centenial glen,disintegrator,7a+,Australia
163,blue mountains,centenial glen,dr foopsickle,6b,Australia
164,blue mountains,centenial glen,ernest in africa,7b,Australia
165,blue mountains,centenial glen,ernest the lady,6b/+,Australia
166,blue mountains,centenial glen,essentially trix,7c,Australia
167,blue mountains,centenial glen,glad ingram direct,7a+,Australia
168,blue mountains,centenial glen,hairy horrace,6c+/7a,Australia
169,blue mountains,centenial glen,hang five,6b+,Australia
170,blue mountains,centenial glen,hip shake jerk,7b,Australia
171,blue mountains,centenial glen,horrace herrod,7b,Australia
172,blue mountains,centenial glen,inertia,8a+/8b,Australia
173,blue mountains,centenial glen,iona,7a+,Australia
174,blue mountains,centenial glen,jaqueline hyde,7a+,Australia
175,blue mountains,centenial glen,jaquelinr hyde extension,7c,Australia
176,blue mountains,centenial glen,jaws,6b+,Australia
177,blue mountains,centenial glen,jug addiction,7a+,Australia
178,blue mountains,centenial glen,junket pumper,7a+,Australia
179,blue mountains,centenial glen,larger than life,8b/+,Australia
180,blue mountains,centenial glen,levitation,8a/+,Australia
181,blue mountains,centenial glen,madge mcdonald,7b,Australia
182,blue mountains,centenial glen,microwave,8a+/8b,Australia
183,blue mountains,centenial glen,moonshadow,8c,Australia
184,blue mountains,centenial glen,mostly harmless,8a+,Australia
185,blue mountains,centenial glen,nappies patrique,7b+,Australia
186,blue mountains,centenial glen,nev herrod,7a,Australia
187,blue mountains,centenial glen,new england clam chowder,8a,Australia
188,blue mountains,centenial glen,nightmare merchant,7c+,Australia
189,blue mountains,centenial glen,off the lip,7a,Australia
190,blue mountains,centenial glen,paddington,7b,Australia
191,blue mountains,centenial glen,point break,8b,Australia
192,blue mountains,centenial glen,puddles,7b+/7c,Australia
193,blue mountains,centenial glen,ratcat,7a+,Australia
194,blue mountains,centenial glen,roller girl,7a/+,Australia
195,blue mountains,centenial glen,roof raider,8a/+,Australia
196,blue mountains,centenial glen,rubber lover,7b,Australia
197,blue mountains,centenial glen,ruddy norry,6c/+,Australia
198,blue mountains,centenial glen,salubrious sewerage,7c,Australia
199,blue mountains,centenial glen,say cheeze  die,7b+,Australia
200,blue mountains,centenial glen,sea air,7c+,Australia
201,blue mountains,centenial glen,search  destroy,8b+/8c,Australia
202,blue mountains,centenial glen,shore break,7a+/7b,Australia
203,blue mountains,centenial glen,smoked mussels,7b+,Australia
204,blue mountains,centenial glen,split wave,7a,Australia
205,blue mountains,centenial glen,squid munching,7a/+,Australia
206,blue mountains,centenial glen,staring at the sea,8b+,Australia
207,blue mountains,centenial glen,stephen grunter,5b+,Australia
208,blue mountains,centenial glen,temptation,8a+/8b,Australia
209,blue mountains,centenial glen,touch and go,7c+,Australia
210,blue mountains,centenial glen,trix roughly,7b+,Australia
211,blue mountains,centenial glen,tsunami,8a+,Australia
212,blue mountains,centenial glen,tube,7a+,Australia
213,blue mountains,centenial glen,tugboat,8b+,Australia
214,blue mountains,centenial glen,turn your money green,7b,Australia
215,blue mountains,centenial glen,tutu sullied flesh,8a/+,Australia
216,blue mountains,centenial glen,unplugged,7c,Australia
217,blue mountains,centenial glen,wank wank spurt,7a+/7b,Australia
218,blue mountains,centenial glen,white linen,7c,Australia
219,blue mountains,centenial glen,woodpecker,6c/+,Australia
220,blue mountains,centenial glen,wrong movements,7c,Australia
221,blue mountains,dam cliffs,a tale of two cities,5c+,Australia
222,blue mountains,dam cliffs,aonang aonang,6a+,Australia
223,blue mountains,dam cliffs,death of the moss monster,5c+,Australia
224,blue mountains,dam cliffs,dictator in a deerstalker,7a,Australia
225,blue mountains,dam cliffs,friendly fire,6b+/6c,Australia
226,blue mountains,dam cliffs,fucary rug,5a,Australia
227,blue mountains,dam cliffs,lay la kay,6c/+,Australia
228,blue mountains,dam cliffs,little diego,6a,Australia
229,blue mountains,dam cliffs,lonely thursday,6a,Australia
230,blue mountains,dam cliffs,radio baghdad,7b+/7c,Australia
231,blue mountains,dam cliffs,schools out,6c+/7a,Australia
232,blue mountains,dam cliffs,shadow the goat,6a,Australia
233,blue mountains,dam cliffs,siesta,7a/+,Australia
234,blue mountains,dam cliffs,sister rosa,6b+/6c,Australia
235,blue mountains,dam cliffs,sisters of fatima,5a,Australia
236,blue mountains,dam cliffs,sloper for saddam,6a/+,Australia
237,blue mountains,dam cliffs,stormin norman,5c,Australia
238,blue mountains,dam cliffs,ted turd tossa,5b,Australia
239,blue mountains,dam cliffs,truancy officer,6a+/6b,Australia
240,blue mountains,dam cliffs,vasco pyjama,6b/+,Australia
241,blue mountains,dam cliffs,war and peace,7b/+,Australia
242,blue mountains,dam cliffs,wet feet,5b+,Australia
243,blue mountains,diamond falls,bullseye,8a+,Australia
244,blue mountains,diamond falls,carat,7b,Australia
245,blue mountains,diamond falls,der kietzlig hund,8c/+,Australia
246,blue mountains,diamond falls,diamond jack,7b,Australia
247,blue mountains,diamond falls,dogbite,8b/+,Australia
248,blue mountains,diamond falls,fresh goats milk,7c+/8a,Australia
249,blue mountains,diamond falls,grey area,8c/+,Australia
250,blue mountains,diamond falls,hairline,7c+/8a,Australia
251,blue mountains,diamond falls,impossible princess,7c,Australia
252,blue mountains,diamond falls,light years,8b/+,Australia
253,blue mountains,diamond falls,mr carpet burn,8b/+,Australia
254,blue mountains,diamond falls,mr line,8b+/8c,Australia
255,blue mountains,diamond falls,mr magoo,7c/+,Australia
256,blue mountains,diamond falls,mr meaner,8a+/8b,Australia
257,blue mountains,diamond falls,mr pinky,8c+/9a,Australia
258,blue mountains,diamond falls,mr tickle,8b+/8c,Australia
259,blue mountains,diamond falls,mr universe,8a+/8b,Australia
260,blue mountains,diamond falls,mr weak,7b+/7c,Australia
261,blue mountains,diamond falls,mr wendle,7b+,Australia
262,blue mountains,diamond falls,porridge and soot,7c/+,Australia
263,blue mountains,diamond falls,rhythm and stealth,8b+/8c,Australia
264,blue mountains,diamond falls,rhythym method,7b+,Australia
265,blue mountains,diamond falls,runt,7b+,Australia
266,blue mountains,diamond falls,some kind of bliss,8b/+,Australia
267,blue mountains,diamond falls,super duper goo,8a+,Australia
268,blue mountains,diamond falls,super goo,7c+,Australia
269,blue mountains,diamond falls,super weak,7b+/7c,Australia
270,blue mountains,diamond falls,theda bara,8b,Australia
271,blue mountains,diamond falls,to infinity and beyond,7c+,Australia
272,blue mountains,diamond falls,tucker time,8c/+,Australia
273,blue mountains,diamond falls,tuckered out,8a+/8b,Australia
274,blue mountains,diamond falls,uncooth youth,7a,Australia
275,blue mountains,diamond falls,you crazy diamond,7a,Australia
276,blue mountains,diamond falls,you did it again,7b+/7c,Australia
277,blue mountains,elphinstone,aristocat,8b/+,Australia
278,blue mountains,elphinstone,bandula,8b+/8c,Australia
279,blue mountains,elphinstone,beta vinyl,8c/+,Australia
280,blue mountains,elphinstone,brummel hook,8a+/8b,Australia
281,blue mountains,elphinstone,fallopian jezebels,7b+,Australia
282,blue mountains,elphinstone,green grass,8a+,Australia
283,blue mountains,elphinstone,knitting circle,7c,Australia
284,blue mountains,elphinstone,last ninja,7c,Australia
285,blue mountains,elphinstone,ristretto,8a/+,Australia
286,blue mountains,elphinstone,sitting bull,8b+/8c,Australia
287,blue mountains,elphinstone,tiger cat,8c/+,Australia
288,blue mountains,elphinstone,tiger snatch,8a+,Australia
289,blue mountains,freezer,absolute zero,6a/+,Australia
290,blue mountains,freezer,bulls head,6a+/6b,Australia
291,blue mountains,freezer,cryogenics,7a,Australia
292,blue mountains,freezer,detache mode,8a+/8b,Australia
293,blue mountains,freezer,dicky ticker,7b+,Australia
294,blue mountains,freezer,easy fit,7b+/7c,Australia
295,blue mountains,freezer,extension lead,6c/+,Australia
296,blue mountains,freezer,good big dog,7a+,Australia
297,blue mountains,freezer,gruntled,7b,Australia
298,blue mountains,freezer,ha ha wall,7b,Australia
299,blue mountains,freezer,lactictoc,7b+,Australia
300,blue mountains,freezer,lubberfiend,7c/+,Australia
301,blue mountains,freezer,mad cow disease,6c/+,Australia
302,blue mountains,freezer,meat mallet,7a+,Australia
303,blue mountains,freezer,messenger in red,7c,Australia
304,blue mountains,freezer,old blobby,6b,Australia
305,blue mountains,freezer,optimist,6c,Australia
306,blue mountains,freezer,rat direct,7a/+,Australia
307,blue mountains,freezer,soul sister,5c,Australia
308,blue mountains,freezer,swalk,6c/+,Australia
309,blue mountains,freezer,terra incognito,6a/+,Australia
310,blue mountains,freezer,warmenpumpen,7a,Australia
311,blue mountains,grotto,backdraft,6a,Australia
312,blue mountains,grotto,depleted gonad circumference,6a,Australia
313,blue mountains,grotto,dwarf toss,7a/+,Australia
314,blue mountains,grotto,larch,5c+,Australia
315,blue mountains,grotto,swallow the moon,7a+,Australia
316,blue mountains,grotto,word on a wing,6b+,Australia
317,blue mountains,logan brae,alien signature,7a,Australia
318,blue mountains,logan brae,big hit with the kids,7c+/8a,Australia
319,blue mountains,logan brae,creep show,7a,Australia
320,blue mountains,logan brae,critters,7b,Australia
321,blue mountains,logan brae,dead man walking,6c,Australia
322,blue mountains,logan brae,dr stein,7b,Australia
323,blue mountains,logan brae,eieio,7c+,Australia
324,blue mountains,logan brae,elastic analysis,7a,Australia
325,blue mountains,logan brae,flake maker,7b,Australia
326,blue mountains,logan brae,gropertron,7b/+,Australia
327,blue mountains,logan brae,hiltis not guilty,7b/+,Australia
328,blue mountains,logan brae,hip to the bumper crop,7c+/8a,Australia
329,blue mountains,logan brae,kathy k,7b,Australia
330,blue mountains,logan brae,never believers,7a,Australia
331,blue mountains,logan brae,post swing jetters,7a+,Australia
332,blue mountains,logan brae,rain maker,7a+,Australia
333,blue mountains,logan brae,room with a view,6c/+,Australia
334,blue mountains,logan brae,shaggy da,7a/+,Australia
335,blue mountains,logan brae,shark pool,7b+,Australia
336,blue mountains,logan brae,side effect,6c/+,Australia
337,blue mountains,logan brae,strawberry blonde,7a+/7b,Australia
338,blue mountains,logan brae,surprise package,7a+,Australia
339,blue mountains,logan brae,vertical dementia,7a+/7b,Australia
340,blue mountains,logan brae,wedding bell blues,7a/+,Australia
341,blue mountains,medlow bath,atoms in action,7b,Australia
342,blue mountains,medlow bath,cardinal fang,5c,Australia
343,blue mountains,medlow bath,empty chairs,6a/+,Australia
344,blue mountains,medlow bath,gas food lodging,6c+/7a,Australia
345,blue mountains,medlow bath,get a black dog up y,7a+,Australia
346,blue mountains,medlow bath,gimme shelter,6,Australia
347,blue mountains,medlow bath,it goes,6c/+,Australia
348,blue mountains,medlow bath,just boot it,6c/+,Australia
349,blue mountains,medlow bath,lets get a taco p,6,Australia
350,blue mountains,medlow bath,life of riley,7b,Australia
351,blue mountains,medlow bath,like a cut snake,6b+/6c,Australia
352,blue mountains,medlow bath,mainly fine,5b+,Australia
353,blue mountains,medlow bath,old salt,5c+,Australia
354,blue mountains,medlow bath,ones enough twos too many,6c+,Australia
355,blue mountains,medlow bath,pitang pitang,5,Australia
356,blue mountains,medlow bath,poultry in motion,6a/+,Australia
357,blue mountains,medlow bath,radioactive man,6a+/6b,Australia
358,blue mountains,medlow bath,schwing pitch,5c,Australia
359,blue mountains,medlow bath,smoko,6c/+,Australia
360,blue mountains,medlow bath,spook eyes,6,Australia
361,blue mountains,medlow bath,strange karma,6a+/6b,Australia
362,blue mountains,mt york,andy wigley sing,6b/+,Australia
363,blue mountains,mt york,ashes to ashes,7b,Australia
364,blue mountains,mt york,auntie jack,6,Australia
365,blue mountains,mt york,bortglomt,5b,Australia
366,blue mountains,mt york,buda and the chocolate box,7a,Australia
367,blue mountains,mt york,exhibition wall,6c,Australia
368,blue mountains,mt york,go between,6c/+,Australia
369,blue mountains,mt york,lexical density,5c,Australia
370,blue mountains,mt york,marooned,6a+/6b,Australia
371,blue mountains,mt york,master plan,7a,Australia
372,blue mountains,mt york,mezzaluna,5a,Australia
373,blue mountains,mt york,mr mcguirkesquirter,7a+,Australia
374,blue mountains,mt york,noodle,5,Australia
375,blue mountains,mt york,royal doulton,7a,Australia
376,blue mountains,porters pass,angry beaver,6b+,Australia
377,blue mountains,porters pass,bareback,7a,Australia
378,blue mountains,porters pass,black heathen,7a+,Australia
379,blue mountains,porters pass,chasing amy,6b+,Australia
380,blue mountains,porters pass,chook lotto,7a/+,Australia
381,blue mountains,porters pass,cutopia,7a,Australia
382,blue mountains,porters pass,damians effort,7a,Australia
383,blue mountains,porters pass,dragons egg,7a/+,Australia
384,blue mountains,porters pass,escape velocity,7a+,Australia
385,blue mountains,porters pass,flirting with the spanish dancer,6c+,Australia
386,blue mountains,porters pass,fumble factor,7b+,Australia
387,blue mountains,porters pass,hazard reduction,7b/+,Australia
388,blue mountains,porters pass,la land,7a+/7b,Australia
389,blue mountains,porters pass,lego land,6c+/7a,Australia
390,blue mountains,porters pass,mind boggles,7a,Australia
391,blue mountains,porters pass,ness is best,7b,Australia
392,blue mountains,porters pass,nice vice baby,6a+/6b,Australia
393,blue mountains,porters pass,nylon happy,6c+/7a,Australia
394,blue mountains,porters pass,powerbra rangers,6a+,Australia
395,blue mountains,porters pass,pussy wallow,6c+/7a,Australia
396,blue mountains,porters pass,returnity,7c+,Australia
397,blue mountains,porters pass,rough trade,7c+,Australia
398,blue mountains,porters pass,sail away,7b+/7c,Australia
399,blue mountains,porters pass,self portait with pipe and bandaged ear,7c+/8a,Australia
400,blue mountains,porters pass,self portrait,8a/+,Australia
401,blue mountains,porters pass,shocking pocket monster,6c/+,Australia
402,blue mountains,porters pass,so said the king,6b+,Australia
403,blue mountains,porters pass,sparkle motion,7b/+,Australia
404,blue mountains,porters pass,spread em baby,6b+/6c,Australia
405,blue mountains,porters pass,sscc,7a+/7b,Australia
406,blue mountains,porters pass,these apples must be jens,7a+/7b,Australia
407,blue mountains,porters pass,these cats are full of milo,7a,Australia
408,blue mountains,porters pass,these dogs must be prus,7c,Australia
409,blue mountains,porters pass,thrust gut,7b+,Australia
410,blue mountains,porters pass,traverse,6a/+,Australia
411,blue mountains,porters pass,vanity case,7c+,Australia
412,blue mountains,porters pass,wipeout,7b/+,Australia
413,blue mountains,shipley,a streaker named desire,7a,Australia
414,blue mountains,shipley,adaptation,7c,Australia
415,blue mountains,shipley,alliterating austrian austrich,7a,Australia
416,blue mountains,shipley,answer is obvious,5c+,Australia
417,blue mountains,shipley,bandoline grip,5c+,Australia
418,blue mountains,shipley,barnstorming,7c,Australia
419,blue mountains,shipley,bolt  the beautiful,7b/+,Australia
420,blue mountains,shipley,burning bridges,7b/+,Australia
421,blue mountains,shipley,burning jowls,5c,Australia
422,blue mountains,shipley,cagney and lacey,8a+/8b,Australia
423,blue mountains,shipley,country special,6a,Australia
424,blue mountains,shipley,dance like a mother,7b,Australia
425,blue mountains,shipley,decodyfier,8a/+,Australia
426,blue mountains,shipley,demoraliser,7c+,Australia
427,blue mountains,shipley,displaced persons,7a+,Australia
428,blue mountains,shipley,do androids care,6b/+,Australia
429,blue mountains,shipley,do androids like duckos,6b+/6c,Australia
430,blue mountains,shipley,equaliser,7c+/8a,Australia
431,blue mountains,shipley,eviscerator,7c+,Australia
432,blue mountains,shipley,fabricator,8a,Australia
433,blue mountains,shipley,flaming flamingo,7a,Australia
434,blue mountains,shipley,form one lane,7a+,Australia
435,blue mountains,shipley,girly germs,6b+,Australia
436,blue mountains,shipley,golliwog grades,7a/+,Australia
437,blue mountains,shipley,good fortune,5b,Australia
438,blue mountains,shipley,grand junction,7b+,Australia
439,blue mountains,shipley,hold on to your hats,6,Australia
440,blue mountains,shipley,hot flyer,6c+/7a,Australia
441,blue mountains,shipley,iron mike,7c,Australia
442,blue mountains,shipley,jack high,6a,Australia
443,blue mountains,shipley,language of desire,7a+,Australia
444,blue mountains,shipley,lardy ladys lats,6c+/7a,Australia
445,blue mountains,shipley,loop the loop,7b,Australia
446,blue mountains,shipley,mental mantle,7a,Australia
447,blue mountains,shipley,no u turn,7a+,Australia
448,blue mountains,shipley,nude tuesday,6a/+,Australia
449,blue mountains,shipley,pallets of pies,7a+,Australia
450,blue mountains,shipley,pluck the duck,5b,Australia
451,blue mountains,shipley,pooferator,8b/+,Australia
452,blue mountains,shipley,scramble syndrome,6b,Australia
453,blue mountains,shipley,sexi mexi,7a,Australia
454,blue mountains,shipley,sexy when slippery,6c/+,Australia
455,blue mountains,shipley,silently flying by,7b/+,Australia
456,blue mountains,shipley,slay ride,7b+,Australia
457,blue mountains,shipley,stormy monday,5b,Australia
458,blue mountains,shipley,supercallousfragileextradosage,7b+,Australia
459,blue mountains,shipley,these dogs are whippets,6b/+,Australia
460,blue mountains,shipley,these people are sandwiches,6c/+,Australia
461,blue mountains,shipley,truckstop,8c,Australia
462,blue mountains,shipley,war babies,6c/+,Australia
463,blue mountains,shipley,weak as i am,6c+/7a,Australia
464,blue mountains,shipley,weekend warrior,6a,Australia
465,blue mountains,sublime point,a nice day for a disco,7a,Australia
466,blue mountains,sublime point,binary neil,7b,Australia
467,blue mountains,sublime point,birthday bolts,6a,Australia
468,blue mountains,sublime point,choc chip chai,6a+,Australia
469,blue mountains,sublime point,cramps,7a,Australia
470,blue mountains,sublime point,digitalicious,7b,Australia
471,blue mountains,sublime point,driven,7a+,Australia
472,blue mountains,sublime point,guillotine,7a/+,Australia
473,blue mountains,sublime point,marxism,7a/+,Australia
474,blue mountains,sublime point,microdermabrasia,7a,Australia
475,blue mountains,sublime point,on the wagon,7a,Australia
476,blue mountains,sublime point,reigning steel,7a+,Australia
477,blue mountains,sublime point,socially inept,6b/+,Australia
478,blue mountains,sublime point,sublime and the beautiful,6c/+,Australia
479,blue mountains,sublime point,swinging in the rain,7b,Australia
480,blue mountains,sublime point,taxi driver,7b,Australia
481,blue mountains,sublime point,thai virus,6c/+,Australia
482,blue mountains,sublime point,theory of negativity,6a+/6b,Australia
483,blue mountains,sublime point,thirty three years,6b/+,Australia
484,blue mountains,sublime point,whimsical,6b/+,Australia
485,blue mountains,underworld,hashish,8b+/8c,Australia
486,blue mountains,underworld,julius caesar,7a+,Australia
487,blue mountains,underworld,mississippi moonshine,8a+/8b,Australia
488,blue mountains,underworld,odyssey,7b,Australia
489,blue mountains,underworld,public enemies,8b/+,Australia
490,blue mountains,wave wall,jaqueline hyde,7a+,Australia
491,blue mountains,wave wall,puddles,7b+,Australia
492,blue mountains,wave wall,rubber lover,7b,Australia
493,blue mountains,wave wall,split wave,7a,Australia
494,blue mountains,wave wall,tsunami,8a+,Australia
495,blue mountains,zap crag,amp hour,7b+,Australia
496,blue mountains,zap crag,buzz off,5b+,Australia
497,blue mountains,zap crag,charged,7a+,Australia
498,blue mountains,zap crag,foo foo the cordless draw monkey,6c+/7a,Australia
499,blue mountains,zap crag,gangs of mt york,6b+,Australia
500,blue mountains,zap crag,high tension,7b,Australia
501,blue mountains,zap crag,hot pump action baby,6b/+,Australia
502,blue mountains,zap crag,jug buzz,6c/+,Australia
503,blue mountains,zap crag,mr mcglue,5c,Australia
504,blue mountains,zap crag,particle accelerator,7b,Australia
505,blue mountains,zap crag,pulse,7c+,Australia
506,blue mountains,zap crag,resistor,6b,Australia
507,blue mountains,zap crag,static discharge,7a,Australia
508,blue mountains,zap crag,switchgear,6c/+,Australia
509,blue mountains,zap crag,transmission,7a+/7b,Australia
510,blue mountains,zap crag,trip switch,7b+,Australia
511,blue mountains,zap crag,zapt,7c+,Australia
512,buladelah,goat cave,pull ya plonker,7a,Australia
513,bulahdelah,goat cave,toast,7b,Australia
514,bundaleer,grampians,blimp,6a+/6b,Australia
515,bundaleer,grampians,manic depressive,7b,Australia
516,canberra,hollywood,flathead,6b/+,Australia
517,canberra,hollywood,weasels ripped my flesh,7b+,Australia
518,celebrity crag,jimmy cliff,anal leakage,6,Australia
519,celebrity crag,jimmy cliff,butt nuggets,6,Australia
520,celebrity crag,jimmy cliff,harkthe,6a+/6b,Australia
521,celebrity crag,jimmy cliff,johnnys jalopies,5b+,Australia
522,celebrity crag,jimmy cliff,mr christmas poo,6a+/6b,Australia
523,celebrity crag,jimmy cliff,mr scumbag,5b+,Australia
524,celebrity crag,jimmy cliff,rudolf the bloody reindeer,7a,Australia
525,centennial glen,main wall,nev herrod,7a,Australia
526,gorge,shady side,double dozen,6c/+,Australia
527,grampians,gallery,azusi,6b+/6c,Australia
528,grampians,gallery,chain of fools,7a,Australia
529,grampians,gallery,chasing the monkey,8a/+,Australia
530,grampians,gallery,chasing the shadow,7c,Australia
531,grampians,gallery,going blank again,6c/+,Australia
532,grampians,gallery,gorilla tactics,7b+,Australia
533,grampians,gallery,hueco dreaming,7b,Australia
534,grampians,gallery,le petit mort,8a+/8b,Australia
535,grampians,gallery,like a koala in his eucalyptus,8a+,Australia
536,grampians,gallery,monkey puzzle,7c+/8a,Australia
537,grampians,gallery,mr meat,7b,Australia
538,grampians,gallery,nicotine,8b+,Australia
539,grampians,gallery,perfect crime,6c/+,Australia
540,grampians,gallery,pigs in a blanket,7b+,Australia
541,grampians,gallery,shadow death,7c+/8a,Australia
542,grampians,gallery,texas nightmare,7b,Australia
543,grampians,gallery,two tribes,7a+,Australia
544,grampians,gallery,weaveworld,7a,Australia
545,grampians,lost world,eau rouge,7a,Australia
546,grampians,lost world,roraima,6,Australia
547,grampians,millenium,breathing gasoline,8b,Australia
548,grampians,millenium,shattering reflections of narcissism,8a/+,Australia
549,grampians,muline,central latitudes,8a+/8b,Australia
550,grampians,muline,demon flower,8b,Australia
551,grampians,muline,desert rose,7c/+,Australia
552,grampians,muline,eye of the tiger,8a/+,Australia
553,grampians,muline,flower power,8c/+,Australia
554,grampians,muline,flying duck,8b+/8c,Australia
555,grampians,muline,krankandangle,7a+,Australia
556,grampians,muline,middle path,7c+,Australia
557,grampians,muline,path of yin,8a+/8b,Australia
558,grampians,muline,pocket full of dreams,7a,Australia
559,grampians,muline,snap dragon,8b,Australia
560,grampians,muline,sullivan street,7b+,Australia
561,grampians,muline,wild orchids,8a+/8b,Australia
562,grampians,red rocks,conflict of interest,6b/+,Australia
563,grampians,red rocks,fat fingered freak,7a,Australia
564,grampians,red rocks,full metal vengeance,7a,Australia
565,grampians,red rocks,spanish sahara,6c/+,Australia
566,grampians,red rocks,static ticking rampage,6c/+,Australia
567,grampians,red rocks,strike the first blow,7b,Australia
568,grampians,spurt wall,academia,8b/+,Australia
569,grampians,spurt wall,dial a lama,7a+/7b,Australia
570,grampians,spurt wall,fabios route,8a+,Australia
571,grampians,spurt wall,lifestyling,8b/+,Australia
572,grampians,spurt wall,lord of the jerks,7a,Australia
573,grampians,spurt wall,menstrual as anything direct,7b,Australia
574,grampians,spurt wall,naughty tickle town,7c+,Australia
575,grampians,spurt wall,nights in venice,7b+/7c,Australia
576,grampians,spurt wall,not too bad,7c/+,Australia
577,grampians,spurt wall,pussy galore,6c+,Australia
578,grampians,spurt wall,splutter,7b,Australia
579,grampians,spurt wall,spurt girl,7c+/8a,Australia
580,grampians,spurt wall,spurting mildly,6c/+,Australia
581,grampians,spurt wall,this spurting life,7b+,Australia
582,grampians,spurt wall,tyranny,8a+,Australia
583,grampians,spurt wall,weak boy,7b+,Australia
584,grampians,spurt wall,whos a naughty boy,8b+,Australia
585,grampians,spurt wall,wide world of spurtz,7b,Australia
586,grampians,taipan wall,anaconda,7c+,Australia
587,grampians,taipan wall,father oblivion,7b+,Australia
588,grampians,taipan wall,fisting party,7b+/7c,Australia
589,grampians,taipan wall,groove train,8c+,Australia
590,grampians,taipan wall,groovy,7c+/8a,Australia
591,grampians,taipan wall,invisible fist,7b+,Australia
592,grampians,taipan wall,mirage,7c/+,Australia
593,grampians,taipan wall,mr joshua,7b/+,Australia
594,grampians,taipan wall,mr t,7b/+,Australia
595,grampians,taipan wall,rage,8a+,Australia
596,grampians,taipan wall,rattlesnake shake,7b+,Australia
597,grampians,taipan wall,serpentine,8a/+,Australia
598,grampians,taipan wall,sheek naja ket,8b,Australia
599,grampians,taipan wall,sidewinder,7c,Australia
600,grampians,taipan wall,sirocco first pitch,7a,Australia
601,grampians,taipan wall,snake flake,7b+,Australia
602,grampians,taipan wall,snake on a train,8b+/8c,Australia
603,grampians,taipan wall,spurt girl,7c/+,Australia
604,grampians,taipan wall,venom,7c+,Australia
605,grampians,taipan wall,world party p,7b+,Australia
606,grampians,tower,inspector gadget,7a+,Australia
607,grampians,tower,iron arms,7a+,Australia
608,grampians,tower,prince of persia,6b/+,Australia
609,grampians,tower,see the light,6c/+,Australia
610,grampians,tower,terror at sea,7b/+,Australia
611,grampians,tower,terror of the sea,7b,Australia
612,grampians,tower,wellington wimpy,6a+/6b,Australia
613,grampians,watchtower,flying buttress,5a+,Australia
614,hillwood,dungeon,art of war,7b+,Australia
615,hillwood,dungeon,bozon,7b/+,Australia
616,hillwood,dungeon,dr pepper,7a,Australia
617,hillwood,dungeon,into thin air,7a,Australia
618,hillwood,dungeon,seek first the kingdom,6a+/6b,Australia
619,hillwood,dungeon,waiting for breakfast,5a+,Australia
620,hillwood,wailing wall,hung on a tree,7a+,Australia
621,hillwood,wailing wall,wailing wall,6b+,Australia
622,hillwood,wailing wall,warm up ww,6b/+,Australia
623,james bond,main wall,dr no,6b/+,Australia
624,kalbarri,promenade,bustin down the door,7b+/7c,Australia
625,kalbarri,promenade,fuck the law,7b,Australia
626,kalbarri,promenade,glass slipper,7c+/8a,Australia
627,kalbarri,promenade,heavy petting,7a+,Australia
628,kalbarri,promenade,homophobia,7c+,Australia
629,kalbarri,promenade,intimacy,7c,Australia
630,kalbarri,promenade,its a boy,7a+/7b,Australia
631,kalbarri,promenade,law is fucked,7a+,Australia
632,kalbarri,promenade,look at the bears,7b+,Australia
633,kalbarri,promenade,love muscle,7b,Australia
634,kalbarri,promenade,root canal,7b+,Australia
635,kalbarri,promenade,she magic,7b+,Australia
636,kalbarri,promenade,super funky,7b,Australia
637,kangaroo point,left side,love hurts,6c/+,Australia
638,kangaroo point,right side,wages of fear,7a+,Australia
639,kangaroo point,right wall,honed and buffed,7a+,Australia
640,kangaroo point,right wall,pink berets,6b+/6c,Australia
641,lobster cave,main cave,roast lobster,6b+/6c,Australia
642,moonarie,great wall,dry land,6c/+,Australia
643,moonarie,great wall,hypertension,7a+,Australia
644,moonarie,great wall,languish in anguish,7b,Australia
645,mt alexandra,first cave,biafra,7b/+,Australia
646,mt alexandra,first cave,galvanise,6a+,Australia
647,mt alexandra,first cave,hermanos de la denitente,7a,Australia
648,mt alexandra,first cave,jello,6b/+,Australia
649,mt alexandra,first cave,progress comes to shitsville,6c+,Australia
650,mt alexandra,first cave,top hat,7b+,Australia
651,mt alexandra,main cave,controlled hysteria,7b,Australia
652,mt alexandra,main cave,diagonal du fou,7a,Australia
653,mt beerwah,organ pipes,beerwah bolt route p,7b+/7c,Australia
654,mt brown,paradiso,aquaphobia,6c/+,Australia
655,mt brown,paradiso,captain jack,8a+,Australia
656,mt brown,paradiso,captain napalm,7b,Australia
657,mt brown,paradiso,expendable youth,7c,Australia
658,mt brown,paradiso,high noon,5c,Australia
659,mt brown,paradiso,hit and run,7b,Australia
660,mt brown,paradiso,offender of the faith,7a+,Australia
661,mt brown,paradiso,retrograde amnesia,7b+,Australia
662,mt brown,paradiso,shock wave,6b+,Australia
663,mt brown,paradiso,southern exposure,7b/+,Australia
664,mt brown,paradiso,sponge bob,6c,Australia
665,mt brown,paradiso,sultan of sweat,7b,Australia
666,mt brown,paradiso,super charger,7a,Australia
667,mt brown,paradiso,thunderbirds are go,7a+,Australia
668,mt buffalo,cathedral,sultan,6a/+,Australia
669,mt coolum,cave,beer boobs and jerky,7a+,Australia
670,mt coolum,cave,call of duty,7c+,Australia
671,mt coolum,cave,caught by the fuzz,7b/+,Australia
672,mt coolum,cave,crazy horny,7b,Australia
673,mt coolum,cave,has it got a chevy motor,7a/+,Australia
674,mt coolum,cave,hung like a fruit bat,7b,Australia
675,mt coolum,cave,screaming insanity,7b+,Australia
676,mt coolum,cave,separation anxiety,7c+,Australia
677,mt coolum,cave,spoonman,7c+,Australia
678,mt coolum,cave,weapon of choice,7c/+,Australia
679,mt coolum,cave,wholly calamity,7b+,Australia
680,mt coolum,cave,yoink,7a+,Australia
681,mt coree,hollywood,bombs away pretzel boy,7a,Australia
682,mt coree,hollywood,born to fade,6c/+,Australia
683,mt coree,hollywood,brokenwood cricket pitch,7b,Australia
684,mt coree,hollywood,th monkey,7b,Australia
685,mt piddington,blue mountains,toucan cafe,6b,Australia
686,mt tibrogargan,slider,blowing bubbles,5b,Australia
687,mt tibrogargan,slider,chain reaction,7c,Australia
688,mt tibrogargan,slider,doctor pinochio,7a+,Australia
689,mt tibrogargan,slider,even monsters can be people,7a+,Australia
690,mt tibrogargan,slider,final piece,7b,Australia
691,mt tibrogargan,slider,gepetto,7b,Australia
692,mt tibrogargan,slider,horse,5a,Australia
693,mt tibrogargan,slider,howler vf,7a+/7b,Australia
694,mt tibrogargan,slider,hybrid vigour,7c,Australia
695,mt tibrogargan,slider,madder,7b/+,Australia
696,mt tibrogargan,slider,monkey magic,7a,Australia
697,mt tibrogargan,slider,most monstrous monster,6b/+,Australia
698,mt tibrogargan,slider,overseer,6b+,Australia
699,mt tibrogargan,slider,pigsy,6b+,Australia
700,mt tibrogargan,slider,procrastinator,6c/+,Australia
701,mt tibrogargan,slider,procrastiwailer,7b+,Australia
702,mt tibrogargan,slider,slider,6c+,Australia
703,mt tibrogargan,slider,something about sandy,6a,Australia
704,mt tibrogargan,slider,squealer,7a,Australia
705,mt tibrogargan,slider,such a nice monster,5,Australia
706,mt tibrogargan,slider,tripitaka,7a,Australia
707,mt tibrogargan,slider,vampire master,7a/+,Australia
708,mt tibrogargan,slider,wailer,7b,Australia
709,mt tibrogargan,slider,wowler,7b,Australia
710,new york,west side,outsider,7a,Australia
711,norton summit,cave,anzac highway,7a+,Australia
712,norton summit,cave,dudley in the gym,7b/+,Australia
713,norton summit,cave,peregrine rhv,6c/+,Australia
714,norton summit,cave,tim in the gym,7b+,Australia
715,norton summit,hole,come out fightin,8b,Australia
716,norton summit,hole,diplomacy,7b+/7c,Australia
717,norton summit,hole,dr strike extension,8a/+,Australia
718,norton summit,hole,passport to international smoking pleasure,7c/+,Australia
719,norton summit,hole,scartrek,7c,Australia
720,norton summit,hole,strike circus ext,8a/+,Australia
721,norton summit,hole,stugang willich extension,7c+,Australia
722,norton summit,hole,wormhole search,8b+/8c,Australia
723,nowra,grotto,alien space monsters,6a+,Australia
724,nowra,grotto,avocado queens of death,7a,Australia
725,nowra,grotto,backdraft,6a/+,Australia
726,nowra,grotto,bedtime teddy,6b+,Australia
727,nowra,grotto,belgian tourists,7a+,Australia
728,nowra,grotto,bondage and discipline,7a,Australia
729,nowra,grotto,coneheads  barbituates,7c+,Australia
730,nowra,grotto,depleted gonad circumference,6,Australia
731,nowra,grotto,evil e,7c/+,Australia
732,nowra,grotto,frogstomp,6c+,Australia
733,nowra,grotto,funky gripster,7c,Australia
734,nowra,grotto,girls in the hood,7a+,Australia
735,nowra,grotto,going the tonk with zena,7b,Australia
736,nowra,grotto,how much can a koala bear,7a+,Australia
737,nowra,grotto,jester,6a,Australia
738,nowra,grotto,larch,5c+,Australia
739,nowra,grotto,lipstick,7b,Australia
740,nowra,grotto,sheriff of nothing,7a+,Australia
741,nowra,grotto,snowman,7a/+,Australia
742,nowra,grotto,spinning blades lhv,7a,Australia
743,nowra,grotto,spinning blades of steel,6a+/6b,Australia
744,nowra,grotto,squeeze my cheese,6b+,Australia
745,nowra,grotto,swallow the moon,7a+/7b,Australia
746,nowra,grotto,throbbing pole,6b,Australia
747,nowra,grotto,violent flemm,6c/+,Australia
748,nowra,grotto,word on a wing,6b+/6c,Australia
749,nowra,grotto,zimbabalooba,7a+,Australia
750,nowra,rosies,aloha paradise,8b,Australia
751,nowra,rosies,beefmeister,8b+/8c,Australia
752,nowra,rosies,casual sex in a cineplex,7a+,Australia
753,nowra,rosies,chip buttie,6c/+,Australia
754,nowra,rosies,coming at ya pundhai,8a+/8b,Australia
755,nowra,rosies,fist full of steel,6b+,Australia
756,nowra,rosies,frosty,8a+,Australia
757,nowra,rosies,games burger,7b,Australia
758,nowra,rosies,luscious hooters,7b+/7c,Australia
759,nowra,rosies,maco,8b/+,Australia
760,nowra,rosies,mega mac,7b,Australia
761,nowra,rosies,shaker fries,7b,Australia
762,nowra,rosies,slut whipping,7b+,Australia
763,nowra,rosies,supersize me,7b+,Australia
764,nowra,south central,aint no sunshine,7c+/8a,Australia
765,nowra,south central,black flag,8a+,Australia
766,nowra,south central,brown badge,7c/+,Australia
767,nowra,south central,burping burgers,6a/+,Australia
768,nowra,south central,comin at ya hyper,7c/+,Australia
769,nowra,south central,crenshaw boulevard,8b+,Australia
770,nowra,south central,crime is art,7a/+,Australia
771,nowra,south central,dickman and throbbin,7b,Australia
772,nowra,south central,dungeon master,8b/+,Australia
773,nowra,south central,hunted child,6c+,Australia
774,nowra,south central,itchy quims,6b+/6c,Australia
775,nowra,south central,maintain the rage,7c/+,Australia
776,nowra,south central,mega death,7b+,Australia
777,nowra,south central,physical graffiti,8b/+,Australia
778,nowra,south central,plastic exploding inevitable,8a,Australia
779,nowra,south central,poo with me,7a+/7b,Australia
780,nowra,south central,public domain,7c+,Australia
781,nowra,south central,red baron,7b+/7c,Australia
782,nowra,south central,scum,7b/+,Australia
783,nowra,south central,sex machine,7b+/7c,Australia
784,nowra,south central,silver hands,6a/+,Australia
785,nowra,south central,sperm bitches,8b+,Australia
786,nowra,south central,strike,7a,Australia
787,nowra,south central,there goes the neighbourhood,7a+,Australia
788,nowra,thompsons point,a day at the beach,6b+,Australia
789,nowra,thompsons point,a very nice sausage,7b+/7c,Australia
790,nowra,thompsons point,alex the kidd,6b/+,Australia
791,nowra,thompsons point,animal crackers,6c/+,Australia
792,nowra,thompsons point,baby just dont bite it,7c+,Australia
793,nowra,thompsons point,beavis,6b,Australia
794,nowra,thompsons point,beef cake,7c,Australia
795,nowra,thompsons point,betty blue,7a+,Australia
796,nowra,thompsons point,big dreams,5a,Australia
797,nowra,thompsons point,birdsville track,6b,Australia
798,nowra,thompsons point,black beddy,7a/+,Australia
799,nowra,thompsons point,bombtrack,6,Australia
800,nowra,thompsons point,broken and barbed,6b,Australia
801,nowra,thompsons point,bumzek,6b+,Australia
802,nowra,thompsons point,butt head,5b+,Australia
803,nowra,thompsons point,butterfly wall direct,7a+/7b,Australia
804,nowra,thompsons point,butts of beef,7b/+,Australia
805,nowra,thompsons point,caught in the act,7b+/7c,Australia
806,nowra,thompsons point,chuck steak,7b+,Australia
807,nowra,thompsons point,concrete petunias,7c+/8a,Australia
808,nowra,thompsons point,cowboy junkies,7b/+,Australia
809,nowra,thompsons point,dances with sheep,6a+,Australia
810,nowra,thompsons point,diddy kong direct start,6a,Australia
811,nowra,thompsons point,diprotodon,6b+,Australia
812,nowra,thompsons point,electro rooter,6c/+,Australia
813,nowra,thompsons point,enter sandman,7a+,Australia
814,nowra,thompsons point,everything but the wasp,5a+,Australia
815,nowra,thompsons point,exfoliator,5c+,Australia
816,nowra,thompsons point,fattergram,7a,Australia
817,nowra,thompsons point,freak magnet,6c,Australia
818,nowra,thompsons point,geronimo,6a/+,Australia
819,nowra,thompsons point,gina hardface,6a,Australia
820,nowra,thompsons point,gun barrel highway,6a/+,Australia
821,nowra,thompsons point,hang on,5c,Australia
822,nowra,thompsons point,hard knee,6,Australia
823,nowra,thompsons point,helensburgh homo,7a+,Australia
824,nowra,thompsons point,hide the salami,7a+,Australia
825,nowra,thompsons point,hyperactive child,7b,Australia
826,nowra,thompsons point,inflatey katey,7b+,Australia
827,nowra,thompsons point,itsablue,6a+,Australia
828,nowra,thompsons point,je baise ma fraigne,6b/+,Australia
829,nowra,thompsons point,jurassic pump,7b+,Australia
830,nowra,thompsons point,kicking dogs balls,5b+,Australia
831,nowra,thompsons point,killer boas,6c/+,Australia
832,nowra,thompsons point,layoff,6b,Australia
833,nowra,thompsons point,lick the pig,6c/+,Australia
834,nowra,thompsons point,little big horn,5a+,Australia
835,nowra,thompsons point,lost weekends,7b/+,Australia
836,nowra,thompsons point,love bug,7c,Australia
837,nowra,thompsons point,lucifer,5,Australia
838,nowra,thompsons point,mad hatter,5c,Australia
839,nowra,thompsons point,meaty mesmo,6c/+,Australia
840,nowra,thompsons point,money or the box,6a/+,Australia
841,nowra,thompsons point,mosquito slap,6b+,Australia
842,nowra,thompsons point,murdoch the horsef,6c/+,Australia
843,nowra,thompsons point,muscle hustler,7b/+,Australia
844,nowra,thompsons point,narcosis,8a+/8b,Australia
845,nowra,thompsons point,nimby,7a,Australia
846,nowra,thompsons point,orca,6a,Australia
847,nowra,thompsons point,other white meat,6c,Australia
848,nowra,thompsons point,pale yellow underwear,7a+,Australia
849,nowra,thompsons point,petes two bob,5a,Australia
850,nowra,thompsons point,petit miam,5a+,Australia
851,nowra,thompsons point,potato junkies,7a+/7b,Australia
852,nowra,thompsons point,pulling on porcelain,7a/+,Australia
853,nowra,thompsons point,puppy,5a+,Australia
854,nowra,thompsons point,rabbit trap,7b/+,Australia
855,nowra,thompsons point,red skin,6c+/7a,Australia
856,nowra,thompsons point,renovators dream,6c/+,Australia
857,nowra,thompsons point,samurai pizza catz,6,Australia
858,nowra,thompsons point,santas little helper,5a,Australia
859,nowra,thompsons point,sexy is the word,8b/+,Australia
860,nowra,thompsons point,shifting sands,6b+,Australia
861,nowra,thompsons point,shy romantic,6b+/6c,Australia
862,nowra,thompsons point,sidetrack,6b,Australia
863,nowra,thompsons point,skin to skin,8a/+,Australia
864,nowra,thompsons point,slip slop slap,8a/+,Australia
865,nowra,thompsons point,sloth,5b,Australia
866,nowra,thompsons point,spank the donkey,7a+,Australia
867,nowra,thompsons point,speed boat wankers,7a,Australia
868,nowra,thompsons point,still life with chalkbag,7a+,Australia
869,nowra,thompsons point,stolen property,7a+,Australia
870,nowra,thompsons point,stone roses,7b+/7c,Australia
871,nowra,thompsons point,three bloody roofs,6b,Australia
872,nowra,thompsons point,tickled pink,7b,Australia
873,nowra,thompsons point,tinman,6b+/6c,Australia
874,nowra,thompsons point,top one thommo,7c,Australia
875,nowra,thompsons point,touchwood,6b/+,Australia
876,nowra,thompsons point,tour of duty,6a,Australia
877,nowra,thompsons point,up the alley,6b+,Australia
878,nowra,thompsons point,vague flake,6c,Australia
879,nowra,thompsons point,vanderholics,6,Australia
880,nowra,thompsons point,vehicle of hate,7c+,Australia
881,nowra,thompsons point,very nice piece of cake,7b,Australia
882,nowra,thompsons point,we do ok,7a+/7b,Australia
883,nowra,thompsons point,white trash,7c/+,Australia
884,nowra,thompsons point,woderwick,5c,Australia
885,nowra,thompsons point,world according to garf,6b,Australia
886,nowra,thompsons point,young dumb and full of cum,7b,Australia
887,point perpendicular,windjammer wall,icebird,6a/+,Australia
888,point perpendicular,windjammer wall,turning of the tide,6c+/7a,Australia
889,point perpendicular,windjammer wall,walk the plank,7a+,Australia
890,pulpit,back wall,beautiful thing,7c+,Australia
891,pulpit,back wall,brothers grimm,6a+/6b,Australia
892,pulpit,back wall,countdown,7b+,Australia
893,pulpit,back wall,orange slice,7a+,Australia
894,pulpit,back wall,rumplestiltskin pt,6b+,Australia
895,pulpit,back wall,two hours sleep,7b,Australia
896,ruined castle,grampians,first crusade pitch,6c+,Australia
897,sun deck,grampians,catwoman,6a+/6b,Australia
898,sun deck,grampians,poison ivy,6b/+,Australia
899,van diemans lands,grampians,dope man,6,Australia
900,bayleys,roadside,broken promise,6a+/6b,New Zealand
901,bayleys rd,river wall,attack of the killer oven gloves,5,New Zealand
902,bayleys rd,river wall,azure pe,5a,New Zealand
903,bayleys rd,river wall,unknown route,5c,New Zealand
904,bayleys rd,roadside,unknown climb,6a+/6b,New Zealand
905,britten crags,alcove,disco logic,6c/+,New Zealand
906,britten crags,alcove,great white wombat hunt,7b+/7c,New Zealand
907,britten crags,alcove,liposuction,7a/+,New Zealand
908,britten crags,alcove,mt pleasant butcher,7a+/7b,New Zealand
909,britten crags,alcove,u haul,6b+,New Zealand
910,britten crags,alcove,wave of mutilation,6c+,New Zealand
911,britten crags,alcove,what mad pursuit,7a+,New Zealand
912,britten crags,tiger wall,american dream,6c+/7a,New Zealand
913,britten crags,tiger wall,big lebowski,6,New Zealand
914,britten crags,tiger wall,cats cradle,6b+/6c,New Zealand
915,britten crags,tiger wall,playing with the big boys,7b+/7c,New Zealand
916,britten crags,tiger wall,southern exposure,7a+/7b,New Zealand
917,britten crags,tiger wall,speights race,6c+,New Zealand
918,britten crags,tiger wall,where angels fear to tread,7a+,New Zealand
919,castle rock,lower tier,ground up ethics,5b,New Zealand
920,cave,cave,attack mode,8a/+,New Zealand
921,cave,cave,bogus machismo,8a/+,New Zealand
922,cave,cave,gorilla grip,7c,New Zealand
923,cave,cave,let there be bolts,7c+,New Zealand
924,cave,cave,she devil,7c+,New Zealand
925,cave,cave,super glue,7b/+,New Zealand
926,cave,cave,urge,7b+/7c,New Zealand
927,cave,left side,gorilla grip,7c/+,New Zealand
928,cleddau valley,chasm,bus t milford,7b+/7c,New Zealand
929,cleddau valley,chasm,buster gonad,7b+,New Zealand
930,cleddau valley,chasm,contact neurosis,8a,New Zealand
931,cleddau valley,chasm,day tripper,7a+,New Zealand
932,cleddau valley,chasm,groove armada,7a/+,New Zealand
933,cleddau valley,chasm,insane automatism,8a+,New Zealand
934,cleddau valley,chasm,one way ticket,7a+,New Zealand
935,cleddau valley,chasm,proximity infatuation,6b+/6c,New Zealand
936,cleddau valley,chasm,roaming warrior,7a+,New Zealand
937,cleddau valley,little babylon,bish bosh bash extension,7c/+,New Zealand
938,cleddau valley,little babylon,bish bosh bash p,7a+/7b,New Zealand
939,cleddau valley,little babylon,blood meridian,8b+/8c,New Zealand
940,cleddau valley,little babylon,colossus,8c/+,New Zealand
941,cleddau valley,little babylon,crystal method,7c/+,New Zealand
942,cleddau valley,little babylon,cyrus the great,8b,New Zealand
943,cleddau valley,little babylon,euphrates,8a/+,New Zealand
944,cleddau valley,little babylon,fly my pretties,7b/+,New Zealand
945,cleddau valley,little babylon,fuel,8a/+,New Zealand
946,cleddau valley,little babylon,giving tree extension,8b+,New Zealand
947,cleddau valley,little babylon,groper p,6b,New Zealand
948,cleddau valley,little babylon,hellboy,7c+,New Zealand
949,cleddau valley,little babylon,hercules,8a+,New Zealand
950,cleddau valley,little babylon,hey zeus,8a/+,New Zealand
951,cleddau valley,little babylon,international turkey patrol,7b/+,New Zealand
952,cleddau valley,little babylon,jugular,7b/+,New Zealand
953,cleddau valley,little babylon,moses,7c/+,New Zealand
954,cleddau valley,little babylon,multitude,6b+,New Zealand
955,cleddau valley,little babylon,no country for old men,8a/+,New Zealand
956,cleddau valley,little babylon,obvious weakness p,5b,New Zealand
957,cleddau valley,little babylon,piopiotahi,7b+,New Zealand
958,cleddau valley,little babylon,project aqua,7a+,New Zealand
959,cleddau valley,little babylon,prowess,8a+/8b,New Zealand
960,cleddau valley,little babylon,psi p,6b+/6c,New Zealand
961,cleddau valley,little babylon,red bull,7b+,New Zealand
962,cleddau valley,little babylon,requiem,8b,New Zealand
963,cleddau valley,little babylon,rua tahi extension,7b,New Zealand
964,cleddau valley,little babylon,rua tahi p,7a+,New Zealand
965,cleddau valley,little babylon,solitude,7a+/7b,New Zealand
966,cleddau valley,little babylon,tantalus,7c+/8a,New Zealand
967,cleddau valley,little babylon,traverse of the titans,7c,New Zealand
968,cleddau valley,little babylon,tufa dub,7a/+,New Zealand
969,cleddau valley,little babylon,twotogo p,6b/+,New Zealand
970,cleddau valley,little babylon,xerxes,8b,New Zealand
971,cledday valley,little babylon,jesus built my hotrod,7c+,New Zealand
972,creese wall,paynes ford,fearless vampire killers,6b,New Zealand
973,froggatt edge,animal biscuit valley,bring your daughter to the slaughter,5c+,New Zealand
974,froggatt edge,animal biscuit valley,brontosaurus theory,7a+,New Zealand
975,froggatt edge,animal biscuit valley,dweezil logic,7a+,New Zealand
976,froggatt edge,animal biscuit valley,genie,7a+,New Zealand
977,froggatt edge,animal biscuit valley,gnomealised,6c+/7a,New Zealand
978,froggatt edge,animal biscuit valley,hardon,7a/+,New Zealand
979,froggatt edge,animal biscuit valley,louder,7c+,New Zealand
980,froggatt edge,animal biscuit valley,lunatic,7a/+,New Zealand
981,froggatt edge,animal biscuit valley,minor threat,8a/+,New Zealand
982,froggatt edge,animal biscuit valley,mr daddy long legs,6c/+,New Zealand
983,froggatt edge,animal biscuit valley,opel,7a,New Zealand
984,froggatt edge,animal biscuit valley,spurt,7a+,New Zealand
985,froggatt edge,animal biscuit valley,supertwitch,5c,New Zealand
986,froggatt edge,animal biscuit valley,swell,7a,New Zealand
987,froggatt edge,animal biscuit valley,to  in,7b,New Zealand
988,froggatt edge,animal biscuit valley,zahnay battles the fishwife,7b+,New Zealand
989,froggatt edge,animal biscuit valley,zoomers,6a+/6b,New Zealand
990,froggatt edge,cave,dont bother,5c+,New Zealand
991,froggatt edge,main cliff,al fresco,5a+,New Zealand
992,froggatt edge,main cliff,automatic dour,7c/+,New Zealand
993,froggatt edge,main cliff,be happy,6a/+,New Zealand
994,froggatt edge,main cliff,bete noire,7a/+,New Zealand
995,froggatt edge,main cliff,bonne anne,5a+,New Zealand
996,froggatt edge,main cliff,built to last,8a+/8b,New Zealand
997,froggatt edge,main cliff,burn,7c+,New Zealand
998,froggatt edge,main cliff,climatic extension,6a,New Zealand
999,froggatt edge,main cliff,direct action,7b+,New Zealand
1000,froggatt edge,main cliff,going ballistic,7c+,New Zealand
1001,froggatt edge,main cliff,gomjabbar,6a+/6b,New Zealand
1002,froggatt edge,main cliff,hold on to your face,7b+,New Zealand
1003,froggatt edge,main cliff,jolly green giant,7a+,New Zealand
1004,froggatt edge,main cliff,lanky,7b+/7c,New Zealand
1005,froggatt edge,main cliff,last night of the poms,5b,New Zealand
1006,froggatt edge,main cliff,monsterpiece theatre,6b,New Zealand
1007,froggatt edge,main cliff,one mans meat,5,New Zealand
1008,froggatt edge,main cliff,powder queen,5c,New Zealand
1009,froggatt edge,main cliff,roadweary,5c+,New Zealand
1010,froggatt edge,main cliff,safe playing,6a,New Zealand
1011,froggatt edge,main cliff,serife,5a+,New Zealand
1012,froggatt edge,main cliff,shining bright despite the plight,8b/+,New Zealand
1013,froggatt edge,main cliff,terror incognito,5c+,New Zealand
1014,froggatt edge,main cliff,thunderblaster,5b,New Zealand
1015,froggatt edge,main cliff,total energy,6a,New Zealand
1016,froggatt edge,main cliff,tulsa time,6a,New Zealand
1017,froggatt edge,main cliff,vroom vroom mentality,7b+/7c,New Zealand
1018,froggatt edge,main cliff,white christmas,5a+,New Zealand
1019,hanging rock,black wall,lichen bandit,6a/+,New Zealand
1020,hanging rock,white wall,nothing too serious,6a+/6b,New Zealand
1021,hanging rock,white wall,sunset strip,6a/+,New Zealand
1022,kawakawa bay,point,high hopes,5a,New Zealand
1023,kawakawa bay,point,highway child,6b+,New Zealand
1024,long beach,cave,bowels of mercy,6a/+,New Zealand
1025,long beach,cave,flaky cadburys,5b+,New Zealand
1026,long beach,cave,magnet,6b/+,New Zealand
1027,long beach,cave,zymer,6c/+,New Zealand
1028,long beach,main wall,burning sky,6a,New Zealand
1029,mangaokewa,upper tier,jaws,7b,New Zealand
1030,mapoutahi,main wall,dirty sanchez,6c/+,New Zealand
1031,mapoutahi,main wall,hell hath no fury,6,New Zealand
1032,mt eden quarry,long side,bandersnatch,6,New Zealand
1033,mt eden quarry,long side,banshee,6c/+,New Zealand
1034,mt eden quarry,long side,biggles flies west,6b,New Zealand
1035,mt eden quarry,long side,biggles sucks a kumara,6c/+,New Zealand
1036,mt eden quarry,long side,bopgun,7a+,New Zealand
1037,mt eden quarry,long side,brain damage,6a+/6b,New Zealand
1038,mt eden quarry,long side,chasing after charlie,7a+,New Zealand
1039,mt eden quarry,long side,cliff smiths corner,5a+,New Zealand
1040,mt eden quarry,long side,darlymples groove,5b+,New Zealand
1041,mt eden quarry,long side,deffuts,5c+,New Zealand
1042,mt eden quarry,long side,dekcuf,7a+,New Zealand
1043,mt eden quarry,long side,desolation angel,7a+,New Zealand
1044,mt eden quarry,long side,gothic groove,6c/+,New Zealand
1045,mt eden quarry,long side,graveyard groove,5b+,New Zealand
1046,mt eden quarry,long side,melquiades,7a+/7b,New Zealand
1047,mt eden quarry,long side,momrath,6a+/6b,New Zealand
1048,mt eden quarry,long side,moral dilemma,5c,New Zealand
1049,mt eden quarry,long side,nutcracker direct,5a+,New Zealand
1050,mt eden quarry,long side,nutcraker,5c,New Zealand
1051,mt eden quarry,long side,playing chicken,5c+,New Zealand
1052,mt eden quarry,long side,principles of lust,6b+/6c,New Zealand
1053,mt eden quarry,long side,raven,7a+,New Zealand
1054,mt eden quarry,long side,revenge of the lawn,6b/+,New Zealand
1055,mt eden quarry,long side,samarcand,6a/+,New Zealand
1056,mt eden quarry,long side,silver airman,5b+,New Zealand
1057,mt eden quarry,long side,silver surfer,7b+,New Zealand
1058,mt eden quarry,long side,sneakeasy,7a,New Zealand
1059,mt eden quarry,long side,soliloquy,5c+,New Zealand
1060,mt eden quarry,long side,spanish moon,7a+,New Zealand
1061,mt eden quarry,long side,wild gravity,7b,New Zealand
1062,mt eden quarry,short side,boggart,6,New Zealand
1063,mt eden quarry,short side,cheating boots,5a+,New Zealand
1064,mt eden quarry,short side,dong,5b+,New Zealand
1065,mt eden quarry,short side,green machine,5c,New Zealand
1066,mt eden quarry,short side,jacaranda,5a,New Zealand
1067,mt eden quarry,short side,magic boots,5,New Zealand
1068,mt eden quarry,short side,plagal grind,5a+,New Zealand
1069,mt eden quarry,short side,secret crack,5a+,New Zealand
1070,mt eden quarry,short side,svartmoot,5a+,New Zealand
1071,mt eden quarry,short side,treebeard,5a+,New Zealand
1072,mt eden quarry,short side,trilogy,5a+,New Zealand
1073,mt eden quarry,short side,wall of the whining pom,7a/+,New Zealand
1074,mt eden quarry,short side,wellington boots,7a,New Zealand
1075,paynes ford,bo peep slab,flexestentialism,6b+/6c,New Zealand
1076,paynes ford,bo peep slab,red tape,7b,New Zealand
1077,paynes ford,bo peep slab,vexatious litigant,6b+,New Zealand
1078,paynes ford,fortress,bear necessities,6,New Zealand
1079,paynes ford,fortress,beas knees,5b,New Zealand
1080,paynes ford,fortress,lush,6a,New Zealand
1081,paynes ford,fortress,morepork pie,5c+,New Zealand
1082,paynes ford,globe wall,amino max,7b+,New Zealand
1083,paynes ford,globe wall,amino pro,7a+,New Zealand
1084,paynes ford,globe wall,beast within,7b+/7c,New Zealand
1085,paynes ford,globe wall,body nazis,7b/+,New Zealand
1086,paynes ford,globe wall,burly but sensitive,6c/+,New Zealand
1087,paynes ford,globe wall,celluloid heroes,7a+,New Zealand
1088,paynes ford,globe wall,cloudwalker,7c/+,New Zealand
1089,paynes ford,globe wall,creative confusion,7c,New Zealand
1090,paynes ford,globe wall,dancing direct,8a+,New Zealand
1091,paynes ford,globe wall,dancing on a skewer,7c+,New Zealand
1092,paynes ford,globe wall,daves arete,7b,New Zealand
1093,paynes ford,globe wall,dirty harry,6a,New Zealand
1094,paynes ford,globe wall,dutch jugs,7c,New Zealand
1095,paynes ford,globe wall,electricorp production,6c/+,New Zealand
1096,paynes ford,globe wall,electrocution,7c/+,New Zealand
1097,paynes ford,globe wall,fat fight back,6b+/6c,New Zealand
1098,paynes ford,globe wall,feeling lucky punk,7b/+,New Zealand
1099,paynes ford,globe wall,feisty red,5b+,New Zealand
1100,paynes ford,globe wall,feral pakeha,7a,New Zealand
1101,paynes ford,globe wall,fuck the whales,7c+,New Zealand
1102,paynes ford,globe wall,gollum,7a+/7b,New Zealand
1103,paynes ford,globe wall,gravity,7a+/7b,New Zealand
1104,paynes ford,globe wall,high voltage,7a/+,New Zealand
1105,paynes ford,globe wall,killing time,7b/+,New Zealand
1106,paynes ford,globe wall,make my day,7b/+,New Zealand
1107,paynes ford,globe wall,make my grumpy cat dance,6b+,New Zealand
1108,paynes ford,globe wall,monkey master,7c+/8a,New Zealand
1109,paynes ford,globe wall,overkill,7b/+,New Zealand
1110,paynes ford,globe wall,papageno,7c/+,New Zealand
1111,paynes ford,globe wall,positive energy,7a,New Zealand
1112,paynes ford,globe wall,power failure,7a/+,New Zealand
1113,paynes ford,globe wall,power line,7a/+,New Zealand
1114,paynes ford,globe wall,recidivist,6a+/6b,New Zealand
1115,paynes ford,globe wall,red lining to the max,7a,New Zealand
1116,paynes ford,globe wall,send a gorilla,7a,New Zealand
1117,paynes ford,globe wall,slapstick,7a+,New Zealand
1118,paynes ford,globe wall,steinzeit,7a+/7b,New Zealand
1119,paynes ford,globe wall,stoned monkey,7c+,New Zealand
1120,paynes ford,globe wall,super blonde,6a+/6b,New Zealand
1121,paynes ford,globe wall,superconductor,7a,New Zealand
1122,paynes ford,globe wall,superette,7b,New Zealand
1123,paynes ford,globe wall,sweetest william,7b+,New Zealand
1124,paynes ford,globe wall,voice of the beehive,6b,New Zealand
1125,paynes ford,globe wall,weetbix heroes,7a+,New Zealand
1126,paynes ford,north end,darling buds of may,7a,New Zealand
1127,paynes ford,north end,herbal infusion,6,New Zealand
1128,paynes ford,north end,terror illness and rebellion,5c+,New Zealand
1129,paynes ford,red wall,bored of the rings,6a/+,New Zealand
1130,plateau,plateau,pukoko aue,6a+/6b,New Zealand
1131,pohara,bo peep slab,coup de grace,6c/+,New Zealand
1132,pohara,bo peep slab,flexestentialism,6c,New Zealand
1133,pohara,bo peep slab,honor and obey,6b+,New Zealand
1134,pohara,bo peep slab,not given lightly,7a+,New Zealand
1135,pohara,bo peep slab,red tape,7b,New Zealand
1136,pohara,bo peep slab,snatch,7b,New Zealand
1137,pohara,bo peep slab,supercharger,7a,New Zealand
1138,pohara,bo peep slab,vexatious litigant,6b+,New Zealand
1139,pohara,bo peep slab,why not,7b+,New Zealand
1140,ti point,ampitheatre,angry sea  sky,6a,New Zealand
1141,ti point,ampitheatre,cjd arete,6,New Zealand
1142,ti point,ampitheatre,polly international terrorist,7a+,New Zealand
1143,ti point,ampitheatre,whiskey delta trilogy,7a,New Zealand
1144,titahi bay,cave,my mate dave,6a+/6b,New Zealand
1145,titahi bay,cave,satisfaction,6c,New Zealand
1146,wahnganui bay,plateau,pukoko aue,6a+/6b,New Zealand
1147,wahnganui bay,plateau,schneiderburner,6b/+,New Zealand
1148,waipapa,main cliff,arches,5c+,New Zealand
1149,waipapa,main cliff,lock n load,7a+,New Zealand
1150,waipapa,main cliff,lock n rock,7b,New Zealand
1151,waipapa,main cliff,natural progression,7a+/7b,New Zealand
1152,waipapa,main cliff,ring them bells,5b+,New Zealand
1153,waipapa,main cliff,sun dried tomatoes,6c/+,New Zealand
1154,waipapa,main cliff,yoda,7b+,New Zealand
1155,waipapa,main wall,millenium madness,6,New Zealand
1156,wanaka,alcove,bob the builder,7b,New Zealand
1157,wanaka,alcove,chinese hospitality,6a,New Zealand
1158,wanaka,alcove,colonels secret,6c/+,New Zealand
1159,wanaka,alcove,ferocious weasel,6b+/6c,New Zealand
1160,wanaka,alcove,huha,7b+,New Zealand
1161,wanaka,alcove,roche mouttone,7a,New Zealand
1162,wanaka,alcove,three degrees,7c,New Zealand
1163,wanaka,alcove,wheres dr holdfinder,7a,New Zealand
1164,wanaka,diamond,ex squeeze me,6a,New Zealand
1165,wanaka,diamond,got a job,5c+,New Zealand
1166,wanaka,diamond,naked on the neve,6a+/6b,New Zealand
1167,wanaka,diamond,picture perfect,7b+,New Zealand
1168,wanaka,diamond,sand gropers,5a,New Zealand
1169,wanaka,far side,in flagrante delecto,6a/+,New Zealand
1170,wanaka,hangover,bit on the side,6,New Zealand
1171,wanaka,hangover,pocket edition,7a,New Zealand
1172,wanaka,hangover,size counts,7a+/7b,New Zealand
1173,wanaka,main cliff,big corner,5,New Zealand
1174,wanaka,main cliff,headbangers arete,5c,New Zealand
1175,wanaka,main cliff,thin and germanic,7a,New Zealand
1176,wanaka,main wall,headbangers arete,5b+,New Zealand
1177,wanaka,riverside,antiwalk device,7a,New Zealand
1178,wanaka,riverside,changes in time,7b/+,New Zealand
1179,wanaka,riverside,cryptology,6a,New Zealand
1180,wanaka,riverside,engorger,7a+,New Zealand
1181,wanaka,riverside,hasta luego,7a+,New Zealand
1182,wanaka,riverside,honey i blew up the atoll,6c/+,New Zealand
1183,wanaka,riverside,inshallah,7b,New Zealand
1184,wanaka,riverside,jack be nimble,7a,New Zealand
1185,wanaka,riverside,lollapalooza,7b+,New Zealand
1186,wanaka,riverside,microcosmos,7b,New Zealand
1187,wanaka,riverside,moana magic,7c,New Zealand
1188,wanaka,riverside,te timatanga,8a+/8b,New Zealand
1189,wanaka,riverside,zoot alors,7a+,New Zealand
1190,wanaka,sunnyside,all that remains,7a+,New Zealand
1191,wanaka,sunnyside,anagaanga,6b,New Zealand
1192,wanaka,sunnyside,bastard of cleardale,7a,New Zealand
1193,wanaka,sunnyside,creepy crawler,7a,New Zealand
1194,wanaka,sunnyside,fire up the jet bitch,7c,New Zealand
1195,wanaka,sunnyside,hap hazard,6a/+,New Zealand
1196,wanaka,sunnyside,head on,7a+,New Zealand
1197,wanaka,sunnyside,life in the fat lane,7b+/7c,New Zealand
1198,wanaka,sunnyside,mean streak,7a,New Zealand
1199,wanaka,sunnyside,mental as anything,7b,New Zealand
1200,wanaka,sunnyside,momentum,7b+/7c,New Zealand
1201,wanaka,sunnyside,mums on the run,6b/+,New Zealand
1202,wanaka,sunnyside,no sweat,7c,New Zealand
1203,wanaka,sunnyside,power curve,7b/+,New Zealand
1204,wanaka,sunnyside,shark chirac,6c/+,New Zealand
1205,wanaka,sunnyside,sisters of mercy,6c/+,New Zealand
1206,wanaka,sunnyside,suck the kumara,7a,New Zealand
1207,wanaka,sunnyside,truncated,7b,New Zealand
1208,wanaka,sunnyside,who stole my doris,7b+,New Zealand
1209,whanganui bay,plateau,a change of tune,5b,New Zealand
1210,whanganui bay,plateau,a savage journey to the heart of the american drea,7b,New Zealand
1211,whanganui bay,plateau,breakdance,7a,New Zealand
1212,whanganui bay,plateau,childhoods end,7a+,New Zealand
1213,whanganui bay,plateau,dream of white snatches,7a,New Zealand
1214,whanganui bay,plateau,even dwarves started small,7c+,New Zealand
1215,whanganui bay,plateau,forever tuesday morning,5a+,New Zealand
1216,whanganui bay,plateau,god had the wrong address,7a+,New Zealand
1217,whanganui bay,plateau,gunga din,5b+,New Zealand
1218,whanganui bay,plateau,hands solo,6c/+,New Zealand
1219,whanganui bay,plateau,human lada,7b+,New Zealand
1220,whanganui bay,plateau,kafunkafunkafunakpteschew,7a+,New Zealand
1221,whanganui bay,plateau,kafunkkafunk,7a+/7b,New Zealand
1222,whanganui bay,plateau,last words of hassan sabbah,7a,New Zealand
1223,whanganui bay,plateau,lord kim strike me down,6c/+,New Zealand
1224,whanganui bay,plateau,manoomanoomanoomanoom,7a+/7b,New Zealand
1225,whanganui bay,plateau,midlife crisis,6c,New Zealand
1226,whanganui bay,plateau,miracle of fluid dynamics,7a,New Zealand
1227,whanganui bay,plateau,nameless,7b+,New Zealand
1228,whanganui bay,plateau,picked the wrong week to give up chocolate marshma,7a+/7b,New Zealand
1229,whanganui bay,plateau,piki mai,5a+,New Zealand
1230,whanganui bay,plateau,reckless,6a+,New Zealand
1231,whanganui bay,plateau,revolver,7a,New Zealand
1232,whanganui bay,plateau,rough trade,7a/+,New Zealand
1233,whanganui bay,plateau,schneiderburner,6b+/6c,New Zealand
1234,whanganui bay,plateau,sex  violence,7c,New Zealand
1235,whanganui bay,plateau,slave to the rhythm,6b+/6c,New Zealand
1236,whanganui bay,plateau,something outrageous,6b/+,New Zealand
1237,whanganui bay,plateau,sporting gesture,5c,New Zealand
1238,whanganui bay,whekenui,bizarrete,6c+,New Zealand
1239,whanganui bay,whekenui,black scorpion,7a+,New Zealand
1240,whanganui bay,whekenui,blow up,7b,New Zealand
1241,whanganui bay,whekenui,distortion,7c,New Zealand
1242,whanganui bay,whekenui,eternity road,6c,New Zealand
1243,whanganui bay,whekenui,grotesque,7b+/7c,New Zealand
1244,whanganui bay,whekenui,isolation,7a+,New Zealand
1245,whanganui bay,whekenui,james stirling direct,5b,New Zealand
1246,whanganui bay,whekenui,mother russia,7b,New Zealand
1247,whanganui bay,whekenui,on patrol in the ruins of your body,7a/+,New Zealand
1248,whanganui bay,whekenui,pulse converter,6b+,New Zealand
1249,whanganui bay,whekenui,sayonara,5c+,New Zealand
1250,whanganui bay,whekenui,separation anxiety,6b/+,New Zealand
1251,whanganui bay,whekenui,sister europe,7a/+,New Zealand
1252,whanganui bay,whekenui,small pocks,5c+,New Zealand
1253,whanganui bay,whekenui,surrogate,5b+,New Zealand
1254,whanganui bay,whekenui,wet dreams,6a,New Zealand
1255,wye creek,hidden wall,collateral damage,7b+/7c,New Zealand
1256,wye creek,main wall,about time,6,New Zealand
1257,wye creek,main wall,aratika,7a,New Zealand
1258,wye creek,main wall,belle vie,6c+,New Zealand
1259,wye creek,main wall,bigger than big,5b+,New Zealand
1260,wye creek,main wall,chocolate treats,6a,New Zealand
1261,wye creek,main wall,dream thing,6b/+,New Zealand
1262,wye creek,main wall,lucalucki,6,New Zealand
1263,wye creek,main wall,mission control,5b+,New Zealand
1264,wye creek,main wall,monsieur muscle,6c+/7a,New Zealand
1265,wye creek,main wall,proud monkey,7a,New Zealand
1266,wye creek,main wall,submission,6a+/6b,New Zealand
1267,wye creek,project wall,boss combo,7c+,New Zealand
1268,wye creek,project wall,eat yourself fitter,7b,New Zealand
1269,wye creek,project wall,rrrrrr,7a+,New Zealand
1270,wye creek,project wall,xenelasia,7b/+,New Zealand
